품명,규격,대분류,중분류,소분류,협력사,단가,최소발주량,포장단위,리드타임,단가점수,대체점수,영향점수,공급점수,월예상소요량,비고
공기조정기 메인바디,알루미늄 다이캐스팅 본체 (경량형),V,01,01,인영오토밸브,99200,675,75,36,3,3,3,3,225,정상 · A등급 12점
공기조정기 커버,상단 커버 (PA66-GF30),V,01,02,극동사출,8566,533,83,8,1,2,2,2,249,정상 · B등급
공기조정기 볼트,M6×20 SUS316 (본체체결),V,01,03,아세아볼트,750,3000,1000,6,1,1,1,1,3000,정상 · C등급 4점
,플랜지 어댑터 A형,V,01,05,삼보산업,9750,400,100,14,2,2,2,2,300,오류 01) 품명 없음
캡,플랜지 어댑터 B형,V,01,05,삼보산업,9750,400,100,14,2,2,2,2,300,오류 02) 품명이 한 글자
공기조정기 오링,NBR P-18 내유형,V,01,04,모든고무,2600,400,100,6,1,2,2,1,300,정상 · B등급
리드밸브 메인바디,알루미늄 다이캐스팅 본체 (고압형),V,02,01,인영오토밸브,145300,525,75,31,3,3,3,3,225,정상 · A등급
리드밸브 커버,하단 커버 (PP 내열),V,02,02,태화프라스틱,8300,350,75,8,1,2,2,2,225,정상 · B등급
정체불명 부품,X-01,Z,01,05,삼보산업,9750,400,100,14,2,2,2,2,300,오류 03) 없는 대분류 (Z)
미등록 분류 부품,X-02,V,01,99,삼보산업,9750,400,100,14,2,2,2,2,300,오류 04) 없는 소분류 조합 (V-01-99)
리드밸브 오링,FKM P-22 고온형,V,02,04,경진케미컬,1616,466,166,5,1,3,2,2,498,정상 · B등급
쿨란트밸브 메인바디,알루미늄 다이캐스팅 본체 (냉각수),V,03,01,인영오토밸브,149880,555,75,27,3,3,3,3,225,정상 · A등급
쿨란트밸브 볼트,M8×25 SUS304 (플랜지체결),V,03,03,아세아볼트,400,3000,1000,5,1,1,1,1,3000,정상 · C등급
분류 누락 부품,X-03,V,,05,삼보산업,9750,400,100,14,2,2,2,2,300,오류 05) 중분류 빈칸
협력사 오타 부품,X-04,V,01,05,인영오토벨브,9750,400,100,14,2,2,2,2,300,오류 06) 없는 협력사
마프센서 센서,0-5V 아날로그 출력형,S,01,01,비테스코센서,46700,450,25,42,2,3,3,3,75,정상 · A등급 · 해외조달
마프센서 오링,NBR S-14 (센서 하우징),S,01,04,모든고무,1150,500,200,6,1,2,2,1,600,정상 · B등급
압력센서 센서,0-25bar IP67 (고압 라인),S,02,01,비테스코센서,60500,631,43,42,2,3,3,3,129,정상 · A등급 · 해외조달
협력사 누락 부품,X-05,V,01,05,,9750,400,100,14,2,2,2,2,300,오류 07) 협력사 빈칸
단가 표기 오류품,X-06,V,01,05,삼보산업,"9,750원",400,100,14,2,2,2,2,300,오류 08) 단가에 단위를 같이 씀
압력센서 커버,센서 보호커버 (PBT),S,02,02,극동사출,10350,450,75,8,1,2,2,2,225,정상 · B등급
압력센서 볼트,M5×16 SUS304 (브라켓체결),S,02,03,세종볼트,300,4000,1000,3,1,1,1,1,3000,정상 · C등급
노크센서 커버,상단 보호커버 (PA6),S,03,02,태화프라스틱,8650,575,75,8,1,2,2,2,225,정상 · B등급
단가 미정품,X-07,V,01,05,삼보산업,견적대기,400,100,14,2,2,2,2,300,오류 09) 단가가 글자
무상 지급품,X-08,V,01,05,삼보산업,0,400,100,14,2,2,2,2,300,오류 10) 단가 0
노크센서 오링,FKM S-12 내열형,S,03,04,경진케미컬,1225,500,150,5,1,2,2,2,450,정상 · B등급
후방카메라 LCD,"CMOS 1/2.5"" 1080P 광각",E,01,01,글로벌디스플레이,208800,60,10,64,3,3,3,3,50,정상 · A등급 · 리드타임 64일
후방카메라 커버,전면 커버 (PC 투명),E,01,02,태화프라스틱,9960,160,60,7,1,2,2,2,180,정상 · B등급
단가 부호 오류품,X-09,V,01,05,삼보산업,-9750,400,100,14,2,2,2,2,300,오류 11) 단가 음수
포장 미정품,X-11,V,01,05,삼보산업,9750,400,0,14,2,2,2,2,300,오류 12) 포장단위 0
후방카메라 가스켓,실리콘 방수 가스켓 2.0t,E,01,04,모든고무,4825,450,175,5,1,2,3,2,525,정상 · B등급
10인치 디스플레이 LCD,IPS 1920×1200 정전식,E,02,01,글로벌디스플레이,358200,60,12,64,3,3,3,3,50,정상 · A등급
10인치 디스플레이 볼트,M4×12 SUS316 (패널체결·개선품),E,02,03,아세아볼트,566,3000,1000,4,1,1,1,1,3000,정상 · C등급
포장 누락품,X-12,V,01,05,삼보산업,9750,400,,14,2,2,2,2,300,오류 13) 포장단위 빈칸
납기 미정품,X-13,V,01,05,삼보산업,9750,400,100,0,2,2,2,2,300,오류 14) 리드타임 0
12인치 디스플레이 LCD,IPS 1920×720 커브드,E,03,01,글로벌디스플레이,294700,120,12,64,3,3,3,3,50,정상 · A등급
12인치 디스플레이 가스켓,실리콘 방진 가스켓 1.5t,E,03,04,경진케미컬,6783,400,150,5,1,2,2,2,450,정상 · B등급
산차 탱크바디,PE 블로우 성형 60L,U,01,01,전진탱크산업,60100,48,24,13,2,3,3,2,72,정상 · A등급
초장납기품,X-14,V,01,05,삼보산업,9750,400,100,400,2,2,2,2,300,오류 15) 리드타임 365일 초과
점수 과대품,X-15,V,01,05,삼보산업,9750,400,100,14,5,2,2,2,300,오류 16) 점수가 1~3 범위 밖
산차 브라켓,SPCC 1.6t 아연도금,U,01,02,세양금속,35640,48,19,18,2,2,2,2,57,정상 · B등급
승용 레벨샌더,정전용량식 0-100% (12V),U,02,04,TE,106933,50,9,35,3,3,3,3,50,정상 · A등급 · 해외조달
레벨샌더 볼트,M6×18 SUS304 (센서체결),U,03,03,아세아볼트,500,2666,1000,5,1,1,1,1,3000,정상 · C등급
점수 표기 오류품,X-16,V,01,05,삼보산업,9750,400,100,14,2,2,상,2,300,오류 17) 점수를 글자로
소요량 미정품,X-17,V,01,05,삼보산업,9750,400,100,14,2,2,2,2,,오류 18) 월 예상 소요량 빈칸
현대 고무호스,EPDM Φ12×1000 내열,T,01,01,송우튜브,8300,400,100,5,1,2,2,2,300,정상 · B등급
현대 커넥터,퀵커넥터 Φ12 (리드타임 28일),T,01,03,아레이몬드,8925,1200,200,28,1,3,3,3,600,정상 · B등급
두산 단열재,글라스울 20t 알루미늄 피복,T,03,04,삼우단열,12550,1500,200,7,2,2,2,2,600,정상 · B등급
후방카메라 LCD,"CMOS 1/3"" 720P",E,01,01,글로벌디스플레이,208800,60,10,64,3,3,3,3,50,오류 19) 이미 있는 품명+규격 (E01010001 과 같음)
공기조정기 볼트,M6×20 SUS316 (본체체결),V,01,03,아세아볼트,750,3000,1000,6,1,1,1,1,3000,오류 20) 4번째 줄과 품명+규격이 같음 (파일 안 중복)
